Designator,Mid X,Mid Y,Rotation,Layer
C_BOOT1,122.5775,-82.19,0.0,top
C_COMP1,122.5775,-86.19,0.0,top
C_IN1,175.16,-93.41,0.0,top
C_IN2,176.57,-78.29,180.0,bottom
C_MPU1,122.5275,-90.5,0.0,top
C_OUT1,167.47,-107.98,0.0,top
C_OUT2,167.72,-112.23,0.0,top
C_SUPER1,165.55,-74.22,0.0,bottom
D1,174.7,-101.08,270.0,top
D2,164.7525,-102.58,0.0,top
D_BACKUP1,147.87,-74.45,0.0,top
D_MAIN1,157.16,-119.64,0.0,top
D_STAT1,188.53,-108.495,90.0,top
F1,185.355,-87.25,0.0,top
H1,108.61,-115.94,0.0,top
H2,186.5,-121.25,0.0,top
H3,186.5,-70.5,0.0,top
H4,93.14,-69.26,0.0,top
J1,89.46,-78.02,90.0,bottom
J2,89.49,-116.09,90.0,bottom
J3,183.81,-97.11,270.0,bottom
L1,158.66,-109.78,270.0,top
Q1,177.0275,-87.05,180.0,top
R1,129.26,-82.35,0.0,top
R2,135.01,-82.35,0.0,top
R_CHARGE1,146.74,-112.83,0.0,top
R_COMP1,135.1025,-90.08,0.0,top
R_GATE1,135.1025,-85.58,0.0,top
R_I2C1,129.2525,-85.69,0.0,top
R_I2C2,129.2525,-89.94,0.0,top
R_LED1,185.78,-108.6075,90.0,top
R_RT1,122.4825,-95.27,0.0,top
R_SENSE1,135.2375,-95.15,0.0,top
R_SENSE2,129.3925,-95.27,0.0,top
SW1,172.75,-119.0,90.0,top
U1,162.07,-94.43,180.0,top
U_MPU1,127.33,-74.88,0.0,top
