Designator,Footprint,Quantity,Value,LCSC Part #
C_BOOT1,0603,1,0.1µF,
C_COMP1,0603,1,3.3nF,
C_IN1,1206,1,10µF,
C_IN2,CP_Elec_6.3x5.8,1,47µF,
C_MPU1,0603,1,0.1µF 10V,
"C_OUT1, C_OUT2",1206,2,22µF,
C_SUPER1,CP_Radial_D13.0mm_P5.00mm,1,5.5V 4.0F,
D1,DIOM4336X265N,1,SMBJ24A,
D2,D_SMA_Handsoldering,1,40V 3A,
"D_BACKUP1, D_MAIN1",D_SMC_Handsoldering,2,40V 3A,
D_STAT1,0603,1,LED_Small,
F1,1812,1,Polyfuse,
"J1, J2",PinSocket_2x13_P2.54mm_Vertical,2,Conn_02x13_Odd_Even,
J3,"TerminalBlock_Phoenix_MKDS-1,5-2-5.08_1x02_P5.08mm_Horizontal",1,Conn_01x02,
L1,L_Bourns-SRN8040_8x8.15mm,1,15µH,
Q1,SOT-23,1,AO3401A,
R1,0603,1,53.6kΩ,
R2,0603,1,10.2kΩ,
R_CHARGE1,2512,1,10Ω 1W,
"R_COMP1, R_GATE1, R_SENSE1, R_SENSE2",0603,4,10kΩ,
"R_I2C1, R_I2C2",0603,2,4.7kΩ,
R_LED1,0603,1,330Ω,
R_RT1,0603,1,162kΩ,
SW1,SW_SPST_B3S-1000,1,SW_Push,
U1,TI_SO-PowerPAD-8_ThermalVias,1,TPS54360DDA,
U_MPU1,InvenSense_QFN-24_4x4mm_P0.5mm,1,MPU-6050,
